原路径	归档后路径	原文与归档正文相同的 SHA-256
ARCHITECTURE_REVIEW.md	docs/archive/2026-09/repo-root/ARCHITECTURE_REVIEW.md	b04b203878ad9e8d6bdc313ce01169dc876889d5c49d2a2527a1dd00d8da0f2b
BUG_LIST.md	docs/archive/2026-09/repo-root/BUG_LIST.md	3f7f67d33a825e959ee826cd0de122ed4c770310bb9cd2490aae4739e4db79b7
docs/P1批次交付报告-20260920.md	docs/archive/2026-09/docs-root/P1批次交付报告-20260920.md	d075bd6bc5ba77dca0226bbc24b1e32abe4a04156174e2273ab06d58884976d8
docs/README.md	docs/archive/2026-09/docs-root/README.md	5b19bb07db37da1bc2c315381a0cc91fdfaa710ae250fa6e01c75957dc97fb8c
docs/UI-1阶段交付报告.md	docs/archive/2026-09/docs-root/UI-1阶段交付报告.md	17388e4789fc4b18aaf577ca56c973562d12ee6180890e34584ea896f4083b49
docs/acceptance-r4发车收紧-真服务端复验-20260922.md	docs/archive/2026-09/docs-root/acceptance-r4发车收紧-真服务端复验-20260922.md	198d39e84b334f9784bc25d412e938c30804a45489ca25b883bb589969d92eb6
docs/acceptance/QA02-建智能体立刻建好-验收报告.md	docs/archive/2026-09/acceptance/QA02-建智能体立刻建好-验收报告.md	3da4766a7923ec30fe06f3453d7de9238bafc857c84025fcbc8f9f5f8648a66c
docs/acceptance/QA27-payload-steps明文路径审计-报告.md	docs/archive/2026-09/acceptance/QA27-payload-steps明文路径审计-报告.md	3dca680dfefa5c266d67a56642607a3b8d913370a07c3cfa3ddf6e2caaf8a3f5
docs/acceptance/UX收尾片-A三个行为定案-验收报告.md	docs/archive/2026-09/acceptance/UX收尾片-A三个行为定案-验收报告.md	330d9d40aa3b1e092799c0fbc96872b48bcaa952d3d22304bc6cfdb2872f88ab
docs/acceptance/acceptance-不弹终端-no-popup-r9.md	docs/archive/2026-09/acceptance/acceptance-不弹终端-no-popup-r9.md	57d8b7d6dae41bb7c3c82e094dab91bbb6d19d9be55b922227c9132e40ce6eda
docs/acceptance/acceptance-后端保活心跳-server-heartbeat-r8.md	docs/archive/2026-09/acceptance/acceptance-后端保活心跳-server-heartbeat-r8.md	66ac27e239c0a1aee133cfb1bfd7585da68dded860d8232717875224a4e37c6d
docs/acceptance/acceptance-数据库守护-pg-supervisor-r6.md	docs/archive/2026-09/acceptance/acceptance-数据库守护-pg-supervisor-r6.md	c0ca42ec89ab7b056ea2bb2df1554b9dd45c3f7e30308ebf6ba94ebffe3c825f
docs/acceptance/acceptance-数据库接通与本地启动.md	docs/archive/2026-09/acceptance/acceptance-数据库接通与本地启动.md	7d6c6035582bea71888b7ea7194c2fbb845b6c045ce4e8a946bbf67231e2f113
docs/acceptance/acceptance-登录指引与换装校验-db-hint-r5.md	docs/archive/2026-09/acceptance/acceptance-登录指引与换装校验-db-hint-r5.md	25eb1e2de6fcba3599dbee59d9695bc488b39ca692459aaea650cb2b482a1ef7
docs/acceptance/acceptance-登录页不再骗人-login-autoretry-r7.md	docs/archive/2026-09/acceptance/acceptance-登录页不再骗人-login-autoretry-r7.md	95a800eb7abe6539da5c9a59c352bd2176c989c5808bba66c709d5d73cb04b95
docs/acceptance/browser-idle-perf/DIAGNOSIS.md	docs/archive/2026-09/acceptance/browser-idle-perf/DIAGNOSIS.md	569d462fb72cb52ef1cd03139fb0bd636211036a583baf42928f1fb44fa49f5c
docs/acceptance/fullscreen-browser/REPORT.md	docs/archive/2026-09/acceptance/fullscreen-browser/REPORT.md	2640782e35ad7daca95dca3edc6cb2abc2dbc68310cb8a3e8c48dedefe3b935d
docs/acceptance/help-card/overview.md	docs/archive/2026-09/acceptance/help-card/overview.md	66bd57551b1782e3b4db4e895d4cf1964af8db3fecd981e5ff8e489e6bf8f631
docs/acceptance/pause-resume/验收报告.md	docs/archive/2026-09/acceptance/pause-resume/验收报告.md	c31c125aff25591d6d85831a20b51ed91f4aadd1860ddc0f301745961aa135f3
docs/acceptance/protostates/原型状态清单.md	docs/archive/2026-09/acceptance/protostates/原型状态清单.md	a24303d4330712019cff9cf04c25a4cb8bb5f141f9fecdf5dadacf2183a4ef12
docs/acceptance/rewrite/UI16-交付报告.md	docs/archive/2026-09/acceptance/rewrite/UI16-交付报告.md	10cfc6f1c8986b542c82bc1f2a9c689e9df5ea1b72c82b9410b927b4818459db
docs/acceptance/rewrite/UI16b-交付报告.md	docs/archive/2026-09/acceptance/rewrite/UI16b-交付报告.md	7c6cab598b7a132313aceebc3ea8d67b42d6536441f5938c04ef308778eb974d
docs/acceptance/rewrite/UI16c-交付报告.md	docs/archive/2026-09/acceptance/rewrite/UI16c-交付报告.md	708cd0544350dfe79d39e12ef196dac8108465a88f26e404813c1135e5c8bd55
docs/acceptance/rewrite/proto-spec.md	docs/archive/2026-09/acceptance/rewrite/proto-spec.md	df71783542f59d7d5458172a3857b07ca66579bdb14912a2ee55249030fd221b
docs/acceptance/rollback/UI回滚报告-20260918.md	docs/archive/2026-09/acceptance/rollback/UI回滚报告-20260918.md	91160d8addb7d22fe9facae9be6bb60ae5fbebd426cfa54019aed0359fdfed93
docs/acceptance/root-cause/修复报告.md	docs/archive/2026-09/acceptance/root-cause/修复报告.md	6d85856e07f78922de7222adfdded09aff5bdcee2314c58a9712ef7a8b79afcc
docs/acceptance/root-cause/取消活页-空闲休眠-设计方案.md	docs/archive/2026-09/acceptance/root-cause/取消活页-空闲休眠-设计方案.md	8b12473ac9dfa76fb4abf59d80492a2ba82ef43cd5e1bfa0331b049a8ee61e70
docs/acceptance/root-cause/数据库未接通-根因与结论.md	docs/archive/2026-09/acceptance/root-cause/数据库未接通-根因与结论.md	b4e3d6fdccea176b7895b9946d1470c64d3d55e86116f3cf13e42a433cda77fa
docs/acceptance/root-cause/根因报告.md	docs/archive/2026-09/acceptance/root-cause/根因报告.md	ad62dc459e02cb4b462a9adf63f7a6f4fbc236f48dd9db3895b8bf57e69deec9
docs/acceptance/step-2-验收报告.md	docs/archive/2026-09/acceptance/step-2-验收报告.md	5dd00d909cc7a434a580a8bb2e2be1a929951ee197ae54789416d8032a61abdb
docs/acceptance/step-21-验收报告.md	docs/archive/2026-09/acceptance/step-21-验收报告.md	9a1d66c351a99f90ea5a57292824bc67e816ac5a7d27e7154aa300a837ae51af
docs/acceptance/step-22-验收报告.md	docs/archive/2026-09/acceptance/step-22-验收报告.md	835269e55afc7b04e7c4bd340ca5d1dd3b1001b9c23d841f4f2093c917b1a911
docs/acceptance/step-3-p0-input-验收报告.md	docs/archive/2026-09/acceptance/step-3-p0-input-验收报告.md	91d1e3331674e9ce2d0abe6e59f9a93f11938a5ecadbc80b49215f1376d059cc
docs/acceptance/step-3-验收报告.md	docs/archive/2026-09/acceptance/step-3-验收报告.md	e3b1e01c29067fbae47008fb399fe01a13efadacbd30c6288ff6a3c18ee5192c
docs/acceptance/step-budget/侦查报告-步数上限后说继续.md	docs/archive/2026-09/acceptance/step-budget/侦查报告-步数上限后说继续.md	1f2595d02cdaf0b51ecb09879c59938458b49c8df291c4558b991c14fe57eb0b
docs/acceptance/substage-2a/验收报告.md	docs/archive/2026-09/acceptance/substage-2a/验收报告.md	802412e376663032c2dc25b5cc439905fd88c0068ffef3cbfcd74c45252a45de
docs/acceptance/substage-2b/验收报告.md	docs/archive/2026-09/acceptance/substage-2b/验收报告.md	a31c8a2ded761050bdd69af14a9ecbc517878ecea9265828c5ea879c2bfc2089
docs/acceptance/substage-3/验收报告.md	docs/archive/2026-09/acceptance/substage-3/验收报告.md	08d25d31a906dae1155e11931b0d40c336987cb47204d44476be41185ac08048
docs/acceptance/substage-4/验收报告.md	docs/archive/2026-09/acceptance/substage-4/验收报告.md	b2dfd6a4e167e4be7a79c7e6b1070d6fce46aab5a6da66eb79efdec0b54a3dfb
docs/acceptance/substage-a-验收报告.md	docs/archive/2026-09/acceptance/substage-a-验收报告.md	0081fcc5064f61dde772bab31c5a7fce703b5a8d4655a76179aa588b3c3ae85e
docs/acceptance/tavily/step1-report.md	docs/archive/2026-09/acceptance/tavily/step1-report.md	ed8296a04cdc10ff6b7f262305310bc8c8e07e31868ff5cbc928d96f5218356b
docs/acceptance/tavily/step2-report.md	docs/archive/2026-09/acceptance/tavily/step2-report.md	b64ef236afb25ade19bf352a5d5518154e65fa9488092587d71c84a20af44ebf
docs/acceptance/tavily/step3-report.md	docs/archive/2026-09/acceptance/tavily/step3-report.md	02900920dc1126d7aa1adc9cf01260713b41e316b8e83edf5ea1592dc86a09fd
docs/acceptance/ui1_5/01-原型数值清单.md	docs/archive/2026-09/acceptance/ui1_5/01-原型数值清单.md	aeba85f82bca9a9257055b2f819977b8720e6e357e91c3df6a5405b07ce07571
docs/acceptance/ui1_5/02-三问澄清.md	docs/archive/2026-09/acceptance/ui1_5/02-三问澄清.md	ba492426958a55f7c0cb6a30bd81a6e5dffbc25bae8a0e45e57336d31795795f
docs/acceptance/ui1_5/03-接缝与图标取证.md	docs/archive/2026-09/acceptance/ui1_5/03-接缝与图标取证.md	22d7214473d4a20f231af40e2d83df6a6ccddc5d60df6520abac655497bad3b8
docs/acceptance/ui1_5/04-第二步待确认方案.md	docs/archive/2026-09/acceptance/ui1_5/04-第二步待确认方案.md	32f260c66701fd9dd621caca01be4dbba5566e7ff4b90ec8803669f426d0aea6
docs/acceptance/ui1_5/07-第二步交付报告.md	docs/archive/2026-09/acceptance/ui1_5/07-第二步交付报告.md	68a48c7fdd1f993096fdb18b986920fb01742fcf591cf11b585587134d2032f7
docs/acceptance/ui1_5/08-桌面同步记录.md	docs/archive/2026-09/acceptance/ui1_5/08-桌面同步记录.md	4f9b733b87b3f391fc2d5bacf7618b3f46c37f1d482839c4c8bed10f142b819a
docs/acceptance/ui1_5/临时配置清单.md	docs/archive/2026-09/acceptance/ui1_5/临时配置清单.md	2fd2425390bd6549ee18f274f16776677c7c24b1b2fa7240e50c3b260483ff55
docs/acceptance/交互对齐片-验收报告.md	docs/archive/2026-09/acceptance/交互对齐片-验收报告.md	33abc9966caf648704490305bccc7342e951ff1ad67317cdad9af5b1c647254c
docs/acceptance/批次J-@点名换人-验收报告.md	docs/archive/2026-09/acceptance/批次J-@点名换人-验收报告.md	f1c93258612a45fec6d9e577d0082f4615ccafa5ced4060df5443f73f3ed8a85
docs/acceptance/批次K-Routines主动跟进-验收报告.md	docs/archive/2026-09/acceptance/批次K-Routines主动跟进-验收报告.md	f72403f0f0a26837a3e90b472ac9f291f585ae064ce04e32c50c97cd627fde80
docs/acceptance/批次L1-自然语言建定时任务-解析-验收报告.md	docs/archive/2026-09/acceptance/批次L1-自然语言建定时任务-解析-验收报告.md	27795a05d45cabdac5f7fe560bdfbb534af5bf5cfffed218eb463ee2292936d8
docs/acceptance/批次L2-自然语言建定时任务-真建-验收报告.md	docs/archive/2026-09/acceptance/批次L2-自然语言建定时任务-真建-验收报告.md	0bf7521fa8282e1c50e716d1910cbac6c1f514dd6159fc1f61625b84bf0ac145
docs/acceptance/批次M2-M1-设计令牌-验收报告.md	docs/archive/2026-09/acceptance/批次M2-M1-设计令牌-验收报告.md	d44ebb130e19461d222feb8ea0a96e3f1510c37a92548acef993210ea058f7cb
docs/acceptance/收尾6-goal加密-验收报告.md	docs/archive/2026-09/acceptance/收尾6-goal加密-验收报告.md	0cfed72b1d2140fa60deed53910917e6279b1a3f944a389679e394bcf484f8cf
docs/acceptance/收尾7-H电脑可见度接线-I模型真路由-验收报告.md	docs/archive/2026-09/acceptance/收尾7-H电脑可见度接线-I模型真路由-验收报告.md	27d499ab44909fb25a6aaf5dc268b79801626bfbb51366d2428ff79fbeda080f
docs/acceptance/收尾8-交接文件脱敏-验收报告.md	docs/archive/2026-09/acceptance/收尾8-交接文件脱敏-验收报告.md	f5ec99936502c6e4027f86fda86cbf47068026fa7de55cc5bd7f4a2ae83c6c97
docs/acceptance/收尾9-修3真kill-9-验收报告.md	docs/archive/2026-09/acceptance/收尾9-修3真kill-9-验收报告.md	2d7cf4d475d0a631a59a3f2ef7881e0f77376328803daeb0694818c7ad5dec28
docs/acceptance/浏览器列空白-修复验收报告.md	docs/archive/2026-09/acceptance/浏览器列空白-修复验收报告.md	c8c46bbdc66a3ee02f8180c657f0a5c21444d8cbda4c96db13832c2cced371c9
docs/acceptance/补-longdigits-验收报告.md	docs/archive/2026-09/acceptance/补-longdigits-验收报告.md	1f3df9a61002da8c8ca455d91c9c0ccf95c501724d34ce106e40ef8a07d70a12
docs/acceptance/诊断-为什么一直弹终端-20260920.md	docs/archive/2026-09/acceptance/诊断-为什么一直弹终端-20260920.md	fe0ea03582ff966260bbaa99c17b13786eda32a1d859802c06e2899bee2491b5
docs/archive/P1批次交付报告-20260920.md	docs/archive/2026-09/legacy/P1批次交付报告-20260920.md	d075bd6bc5ba77dca0226bbc24b1e32abe4a04156174e2273ab06d58884976d8
docs/archive/UI-1阶段交付报告.md	docs/archive/2026-09/legacy/UI-1阶段交付报告.md	17388e4789fc4b18aaf577ca56c973562d12ee6180890e34584ea896f4083b49
docs/archive/browser-multiinstance-fusion-report.md	docs/archive/2026-09/legacy/browser-multiinstance-fusion-report.md	3f9577d0ce8107334fa9418f08d89f5e36386be096901d5d4879024f19c2511c
docs/archive/liveLoops-记账口径修正-20260918.md	docs/archive/2026-09/legacy/liveLoops-记账口径修正-20260918.md	a766a3193c2172565ee5b381303a3ab662000c12d8066602569a9056690b7f31
docs/archive/第27步-人工介入卡片-交付报告-20260920.md	docs/archive/2026-09/legacy/第27步-人工介入卡片-交付报告-20260920.md	e98e6e159ea89bd6c85cfef8cf1a04f2a87ebad2ddb2f91a4611463c917cd2aa
docs/archive/第27步-补充交付-收卡后回后台-20260920.md	docs/archive/2026-09/legacy/第27步-补充交付-收卡后回后台-20260920.md	39a64d700846a8b92d70debcb9011139cb132d8b6ce37c4879f40dd69d38159d
docs/archive/第一批修复交付报告-20260920.md	docs/archive/2026-09/legacy/第一批修复交付报告-20260920.md	f4cfdb44431ad9708bcf6fd6cffb889234e07d61a3d28ac8df2ec655df9980ed
docs/archive/系统健康度审查报告-20260919.md	docs/archive/2026-09/legacy/系统健康度审查报告-20260919.md	e4b4c969999922be8c515669ec78174aea2d76efbc116bd6cdcb51346baf166b
docs/browser-multiinstance-fusion-report.md	docs/archive/2026-09/docs-root/browser-multiinstance-fusion-report.md	ef7cb3a2637445efcf36508b328f300755dae6f8427c95809f3414bd202b707f
docs/liveLoops-记账口径修正-20260918.md	docs/archive/2026-09/docs-root/liveLoops-记账口径修正-20260918.md	a766a3193c2172565ee5b381303a3ab662000c12d8066602569a9056690b7f31
docs/project-layer-audit.md	docs/archive/2026-09/docs-root/project-layer-audit.md	1a7fa44e37108429b1b4c548b0c23785a37f96ab820e0ed588e089a58a07af33
docs/交付报告-多智能体编排-20260923.md	docs/archive/2026-09/docs-root/交付报告-多智能体编排-20260923.md	82a3c7c5eb80e08088b016f60635d3526eddb0e852ace5e130690f8bf5443d35
docs/优化执行手册-20260927.md	docs/archive/2026-09/docs-root/优化执行手册-20260927.md	00a1e2b289f0531495b4baff27c10350dbf4624bfc40fb9915a850078142c6e6
docs/侦查报告-人工介入卡片-20260920.md	docs/archive/2026-09/docs-root/侦查报告-人工介入卡片-20260920.md	c3f5b90ab905612735fa2cdf25ce4ef94c56ecf8d1d6846c534bed15024ad358
docs/修复-P0静默重开-20260921.md	docs/archive/2026-09/docs-root/修复-P0静默重开-20260921.md	08d825937565a962e8c932ac5bf90292ddd5d825ead31d072bda3fb687941f53
docs/前端设计稿现状报告.md	docs/archive/2026-09/docs-root/前端设计稿现状报告.md	752bb98a410a7b10f2d72120792cb6c2ca27deea9076f0b805899d17f4108214
docs/可删除文件清单-20260920.md	docs/archive/2026-09/docs-root/可删除文件清单-20260920.md	66d961784eff2d66c75499dc6e5ef4ef5a355ff3716e7ae1773d34461a66c2a1
docs/实验-超时点击与重试-20260921.md	docs/archive/2026-09/docs-root/实验-超时点击与重试-20260921.md	760d7f7272d9cdbc7593055a499c0e31850d6496d163d859c16d3e4652cc78a2
docs/审计-重复执行风险-20260921.md	docs/archive/2026-09/docs-root/审计-重复执行风险-20260921.md	726cb9b61c429737299d1f977771ff75be0bd8f63ba0c0f7b751539352c425bf
docs/对抗性审查报告-20260929.md	docs/archive/2026-09/docs-root/对抗性审查报告-20260929.md	4700aacdac0050870b065e2ea0a985c864bcce7a66f96781d1b510f881c13774
docs/开发进度与后续计划总览-20260923.md	docs/archive/2026-09/docs-root/开发进度与后续计划总览-20260923.md	17d3540e3f8303905b5ee65483457f4e94548352dfae15ab7197860a5e32133c
docs/待办-R2残留-goal明文-20260922.md	docs/archive/2026-09/docs-root/待办-R2残留-goal明文-20260922.md	847de8abfbbfee364dde2fffef1380139eab9445da51b426841dc0a01bddda7e
docs/待办-R4残留-页面指代无动作词-20260922.md	docs/archive/2026-09/docs-root/待办-R4残留-页面指代无动作词-20260922.md	8ea5218a83301607b9016e0c0c7d71590c0cfe14f1bddfe42702418d5431ead3
docs/待办-回收站待清空-20260920.md	docs/archive/2026-09/docs-root/待办-回收站待清空-20260920.md	9f7787538fd559691246d45e3b99c604d7dfc7c4e9d9154828affd03704a80b9
docs/待办-编排-websearch双定义收口-20260923.md	docs/archive/2026-09/docs-root/待办-编排-websearch双定义收口-20260923.md	1d9dbbd3fb65488d699b8ca960542e60d3abd2c87447e8abe63d42b72978e3ab
docs/待办清单-P2P3重排-20260920.md	docs/archive/2026-09/docs-root/待办清单-P2P3重排-20260920.md	f95a03895c0fe7def0b745868e5fe750382851a637497db2745feb30f6118c2a
docs/批次M-M0冒烟网-验收报告.md	docs/archive/2026-09/docs-root/批次M-M0冒烟网-验收报告.md	4208b41fa839069f42ef4301401aae3a26c9064d36c180d346b5457879313b92
docs/批次M-前端结构重构-侦查报告.md	docs/archive/2026-09/docs-root/批次M-前端结构重构-侦查报告.md	1ba15e0ef83579fb9d22ceaaf24acc4a6406c3bf6977b7818a1dd75f7e8bb061
docs/批次M-已知UX缺陷清单.md	docs/archive/2026-09/docs-root/批次M-已知UX缺陷清单.md	1e938585711addccf647c90d18f7354b19f813008cabe86db566e0f9df220ce8
docs/批次M-设计缺口清单-待用户补设计.md	docs/archive/2026-09/docs-root/批次M-设计缺口清单-待用户补设计.md	badbefaa3c702a1cf3abe321daa6ebf886f4792f4b4396108b816936e0a8190c
docs/批次M-设计规格书-运行时状态层四件套.md	docs/archive/2026-09/docs-root/批次M-设计规格书-运行时状态层四件套.md	b5e4d407a4a923c027a2e6fe594a6478e6777dcf96064867218b59820fe40ddb
docs/批次M-阶段1-收尾报告.md	docs/archive/2026-09/docs-root/批次M-阶段1-收尾报告.md	ad403c154214d317a2035f8174bcc1a5ca0d4539e658ba45333c6d3a2e0eef21
docs/批次M-阶段1-逻辑抽离-记录.md	docs/archive/2026-09/docs-root/批次M-阶段1-逻辑抽离-记录.md	a43a2967e2bce0a6cd229712c87b937e6a9812fccab143f4c3d5e93d8a1676a6
docs/技术接手报告-20260928.md	docs/archive/2026-09/docs-root/技术接手报告-20260928.md	be2513078e3fde28e233f0f2f608243440c394e40832b5e84ad55f429ae0f818
docs/方案-git-ref自动防呆-20260920.md	docs/archive/2026-09/docs-root/方案-git-ref自动防呆-20260920.md	2dc7246ad5bd9d456d6deaf4d763ce2cf534c034159d78b083618e70d0461f38
docs/方案-多智能体编排-20260922.md	docs/archive/2026-09/docs-root/方案-多智能体编排-20260922.md	bd9d7cd53284e31c701310d6b0ab4a8b893262c9a0daf0edbf1adecb30feecc7
docs/方案-钩子自动安装-20260920.md	docs/archive/2026-09/docs-root/方案-钩子自动安装-20260920.md	186827ca5165f360082d4f575e82a19ecf387f853cfb8aeb5b0db20030f712a0
docs/本地验收手册-多智能体编排-20260923.md	docs/archive/2026-09/docs-root/本地验收手册-多智能体编排-20260923.md	69a099c761c023dc1f5135779dce3306193126b277ac6d7d40a6d493d5fb2a1c
docs/架构评审-资深产品架构-20260927.md	docs/archive/2026-09/docs-root/架构评审-资深产品架构-20260927.md	048e0fcbed5ef3d330d4dc8a672a6ba63a2437c347deed36be03eddf3d878c79
docs/研究-开源实现调研-卡死检测与技能录制-20260921.md	docs/archive/2026-09/docs-root/研究-开源实现调研-卡死检测与技能录制-20260921.md	8edff3dcfc849e09c1ac0c1b1cdaa238981ac079fd19451a3720fe57bebcea3f
docs/第27步-人工介入卡片-交付报告-20260920.md	docs/archive/2026-09/docs-root/第27步-人工介入卡片-交付报告-20260920.md	e98e6e159ea89bd6c85cfef8cf1a04f2a87ebad2ddb2f91a4611463c917cd2aa
docs/第27步-补充交付-收卡后回后台-20260920.md	docs/archive/2026-09/docs-root/第27步-补充交付-收卡后回后台-20260920.md	39a64d700846a8b92d70debcb9011139cb132d8b6ce37c4879f40dd69d38159d
docs/第一批修复交付报告-20260920.md	docs/archive/2026-09/docs-root/第一批修复交付报告-20260920.md	f4cfdb44431ad9708bcf6fd6cffb889234e07d61a3d28ac8df2ec655df9980ed
docs/系统健康度复查报告-20260922.md	docs/archive/2026-09/docs-root/系统健康度复查报告-20260922.md	bcba5f48c9f34917afb0557efdfe9bb7d3cbe5f540192d1b3105105b7986b9d3
docs/系统健康度审查报告-20260919.md	docs/archive/2026-09/docs-root/系统健康度审查报告-20260919.md	e4b4c969999922be8c515669ec78174aea2d76efbc116bd6cdcb51346baf166b
docs/设计-底座化改造-Harness即联系人-20260929.md	docs/archive/2026-09/docs-root/设计-底座化改造-Harness即联系人-20260929.md	8af0988684750b1925d7ea8d2b8ff1ad8341a60e0c649abf5996c9f6e23699b7
docs/阶段0-Tool-Registry实施说明-20260922.md	docs/archive/2026-09/docs-root/阶段0-Tool-Registry实施说明-20260922.md	19dada1a36dd803f45a1e14ffef9c4494593d74bd6e4e2b72272c7a55595a29a
docs/项目基线-20260929.md	docs/archive/2026-09/docs-root/项目基线-20260929.md	097a77c27633f56b660f586b0e683ca204a5503d156bdff392907f91a326a65a
docs/项目现状分析报告-20260922.md	docs/archive/2026-09/docs-root/项目现状分析报告-20260922.md	707134eb03319fc7e0ec05e39107a42fb5308c2a500a28a7644f3bbf6458384d
docs/验收-委派-真机端到端-20260923.md	docs/archive/2026-09/docs-root/验收-委派-真机端到端-20260923.md	5fc6f9acb95a9483950eef7446208a2f0c251a446047f2562fb99b6d6dfc5856
docs/验收报告-websearch收口-20260923.md	docs/archive/2026-09/docs-root/验收报告-websearch收口-20260923.md	3a853200c685c5e4785e4d927ea9d76a25371f618b1440193d58fc2b3ec3d6ff
docs/验收报告-独立验收R1-R4-20260922.md	docs/archive/2026-09/docs-root/验收报告-独立验收R1-R4-20260922.md	f90dfdfb05f906b249ffdb958db117c1575681eaced5e88cb96e13385b8fce4a
